symbol,min_score,max_move_pct,notes
A,0.75,3,
AA,0.75,3,
AAOI,0.75,3,
AAON,0.75,3,
AAPL,0.75,3,
AAUC,0.75,3,
ABAT,0.75,3,
ABBV,0.75,3,
ABSI,0.75,3,
ABT,0.75,3,
ABTC,0.75,3,
ABTS,0.75,3,
ACA,0.75,3,
ACAD,0.75,3,
ACCL,0.75,3,
ACCS,0.75,3,
ACFN,0.75,3,
ACIW,0.75,3,
ACLS,0.75,3,
ACMR,0.75,3,
ACN,0.75,3,
ACNT,0.75,3,
ACU,0.75,3,
ACVA,0.75,3,
ADBE,0.75,3,
ADEA,0.75,3,
ADI,0.75,3,
ADM,0.75,3,
ADMA,0.75,3,
ADP,0.75,3,
ADPT,0.75,3,
ADSE,0.75,3,
ADSK,0.75,3,
ADTN,0.75,3,
ADUR,0.75,3,
ADUS,0.75,3,
ADXN,0.75,3,
AEHR,0.75,3,
AEIS,0.75,3,
AEM,0.75,3,
AENT,0.75,3,
AEON,0.75,3,
AERT,0.75,3,
AEYE,0.75,3,
AG,0.75,3,
AGI,0.75,3,
AGL,0.75,3,
AGNT,0.75,3,
AGPU,0.75,3,
AGX,0.75,3,
AGYS,0.75,3,
AHR,0.75,3,
AIAI,0.75,3,
AIN,0.75,3,
AIP,0.75,3,
AIR,0.75,3,
AIRE,0.75,3,
AIRG,0.75,3,
AIRS,0.75,3,
AISP,0.75,3,
AIT,0.75,3,
ALAB,0.75,3,
ALB,0.75,3,
ALC,0.75,3,
ALCO,0.75,3,
ALG,0.75,3,
ALGM,0.75,3,
ALGN,0.75,3,
ALKS,0.75,3,
ALKT,0.75,3,
ALLE,0.75,3,
ALM,0.75,3,
ALMR,0.75,3,
ALMU,0.75,3,
ALNT,0.75,3,
ALNY,0.75,3,
ALRM,0.75,3,
ALV,0.75,3,
AMAT,0.75,3,
AMBA,0.75,3,
AMBQ,0.75,3,
AMCI,0.75,3,
AMD,0.75,3,
AME,0.75,3,
AMGN,0.75,3,
AMKR,0.75,3,
AMOD,0.75,3,
AMPG,0.75,3,
AMPL,0.75,3,
AMPX,0.75,3,
AMPY,0.75,3,
AMR,0.75,3,
AMRZ,0.75,3,
AMSC,0.75,3,
ANET,0.75,3,
ANGO,0.75,3,
ANIK,0.75,3,
ANNA,0.75,3,
ANNX,0.75,3,
ANY,0.75,3,
AOS,0.75,3,
AOSL,0.75,3,
APD,0.75,3,
APEI,0.75,3,
APG,0.75,3,
APLM,0.75,3,
APP,0.75,3,
APPF,0.75,3,
APPN,0.75,3,
APPS,0.75,3,
APYX,0.75,3,
AQST,0.75,3,
ARAI,0.75,3,
ARCB,0.75,3,
ARDX,0.75,3,
ARGX,0.75,3,
ARLO,0.75,3,
ARLP,0.75,3,
ARM,0.75,3,
ARQT,0.75,3,
ARW,0.75,3,
ARWR,0.75,3,
AS,0.75,3,
ASAN,0.75,3,
ASC,0.75,3,
ASM,0.75,3,
ASML,0.75,3,
ASND,0.75,3,
ASPN,0.75,3,
ASR,0.75,3,
ASTE,0.75,3,
ASTI,0.75,3,
ASX,0.75,3,
ASYS,0.75,3,
ATEN,0.75,3,
ATER,0.75,3,
ATGL,0.75,3,
ATI,0.75,3,
ATR,0.75,3,
ATRC,0.75,3,
AU,0.75,3,
AUC,0.75,3,
AUGO,0.75,3,
AUPH,0.75,3,
AUR,0.75,3,
AVGO,0.75,3,
AVO,0.75,3,
AVPT,0.75,3,
AVY,0.75,3,
AWI,0.75,3,
AWR,0.75,3,
AXGN,0.75,3,
AXIL,0.75,3,
AXON,0.75,3,
AXSM,0.75,3,
AXTI,0.75,3,
AYA,0.75,3,
AYI,0.75,3,
AZN,0.75,3,
AZO,0.75,3,
AZTA,0.75,3,
AZZ,0.75,3,
B,0.75,3,
BABA,0.75,3,
BAND,0.75,3,
BB,0.75,3,
BBIO,0.75,3,
BBSI,0.75,3,
BCC,0.75,3,
BCDA,0.75,3,
BCHT,0.75,3,
BDC,0.75,3,
BE,0.75,3,
BEEM,0.75,3,
BELFA,0.75,3,
BELFB,0.75,3,
BGIN,0.75,3,
BGSF,0.75,3,
BHE,0.75,3,
BHP,0.75,3,
BHST,0.75,3,
BIIB,0.75,3,
BIO,0.75,3,
BIO.B,0.75,3,
BIRK,0.75,3,
BIYA,0.75,3,
BKE,0.75,3,
BKKT,0.75,3,
BKNG,0.75,3,
BKSY,0.75,3,
BKTI,0.75,3,
BKYI,0.75,3,
BLBD,0.75,3,
BLFS,0.75,3,
BLIN,0.75,3,
BLIV,0.75,3,
BLLN,0.75,3,
BLSH,0.75,3,
BLZE,0.75,3,
BMI,0.75,3,
BMNR,0.75,3,
BMRA,0.75,3,
BNAI,0.75,3,
BNKK,0.75,3,
BOF,0.75,3,
BOOT,0.75,3,
BOX,0.75,3,
BR,0.75,3,
BRC,0.75,3,
BRFH,0.75,3,
BRIA,0.75,3,
BRID,0.75,3,
BRKR,0.75,3,
BROS,0.75,3,
BRZE,0.75,3,
BSIN,0.75,3,
BSM,0.75,3,
BSX,0.75,3,
BSY,0.75,3,
BTE,0.75,3,
BTSG,0.75,3,
BTU,0.75,3,
BUDA,0.75,3,
BURL,0.75,3,
BUUU,0.75,3,
BVN,0.75,3,
BW,0.75,3,
BWEN,0.75,3,
BYRN,0.75,3,
BZAI,0.75,3,
CAAP,0.75,3,
CAH,0.75,3,
CAI,0.75,3,
CALM,0.75,3,
CALX,0.75,3,
CAN,0.75,3,
CANG,0.75,3,
CARG,0.75,3,
CARR,0.75,3,
CAT,0.75,3,
CBLL,0.75,3,
CBRE,0.75,3,
CBRS,0.75,3,
CBT,0.75,3,
CCEP,0.75,3,
CCJ,0.75,3,
CDE,0.75,3,
CDNA,0.75,3,
CDNL,0.75,3,
CDNS,0.75,3,
CDTG,0.75,3,
CECO,0.75,3,
CEG,0.75,3,
CENX,0.75,3,
CEPL,0.75,3,
CERS,0.75,3,
CF,0.75,3,
CGAU,0.75,3,
CGNX,0.75,3,
CGTL,0.75,3,
CHD,0.75,3,
CHE,0.75,3,
CHOW,0.75,3,
CHRD,0.75,3,
CHRW,0.75,3,
CHT,0.75,3,
CHWY,0.75,3,
CHYM,0.75,3,
CIEN,0.75,3,
CIGL,0.75,3,
CIIT,0.75,3,
CITR,0.75,3,
CIX,0.75,3,
CL,0.75,3,
CLAR,0.75,3,
CLFD,0.75,3,
CLH,0.75,3,
CLIK,0.75,3,
CLMB,0.75,3,
CLPT,0.75,3,
CLRO,0.75,3,
CLS,0.75,3,
CMI,0.75,3,
CMT,0.75,3,
CNEY,0.75,3,
CNI,0.75,3,
CNM,0.75,3,
CNQ,0.75,3,
CNR,0.75,3,
CNXN,0.75,3,
COCO,0.75,3,
COHR,0.75,3,
COHU,0.75,3,
COKE,0.75,3,
COLM,0.75,3,
COO,0.75,3,
COP,0.75,3,
COPR,0.75,3,
COR,0.75,3,
CORT,0.75,3,
CP,0.75,3,
CPHI,0.75,3,
CPIX,0.75,3,
CPNG,0.75,3,
CPRT,0.75,3,
CPSH,0.75,3,
CRC,0.75,3,
CRDO,0.75,3,
CRH,0.75,3,
CRIS,0.75,3,
CRL,0.75,3,
CRM,0.75,3,
CRML,0.75,3,
CROX,0.75,3,
CRS,0.75,3,
CRSR,0.75,3,
CRT,0.75,3,
CRUS,0.75,3,
CRVL,0.75,3,
CRVS,0.75,3,
CRWD,0.75,3,
CSBR,0.75,3,
CSCO,0.75,3,
CSL,0.75,3,
CSW,0.75,3,
CSX,0.75,3,
CTAS,0.75,3,
CTM,0.75,3,
CTS,0.75,3,
CTSH,0.75,3,
CTVA,0.75,3,
CUE,0.75,3,
CV,0.75,3,
CVCO,0.75,3,
CVE,0.75,3,
CVLG,0.75,3,
CVLT,0.75,3,
CVNA,0.75,3,
CVR,0.75,3,
CVSA,0.75,3,
CVX,0.75,3,
CWCO,0.75,3,
CWST,0.75,3,
CXDO,0.75,3,
DAIO,0.75,3,
DAKT,0.75,3,
DASH,0.75,3,
DCBO,0.75,3,
DCI,0.75,3,
DCTH,0.75,3,
DCX,0.75,3,
DD,0.75,3,
DDS,0.75,3,
DECK,0.75,3,
DELL,0.75,3,
DERM,0.75,3,
DFIN,0.75,3,
DGII,0.75,3,
DGX,0.75,3,
DHI,0.75,3,
DHR,0.75,3,
DHT,0.75,3,
DHX,0.75,3,
DINO,0.75,3,
DIOD,0.75,3,
DKI,0.75,3,
DLB,0.75,3,
DLO,0.75,3,
DLR,0.75,3,
DLXY,0.75,3,
DMLP,0.75,3,
DMRC,0.75,3,
DNOW,0.75,3,
DOCN,0.75,3,
DOCU,0.75,3,
DOGZ,0.75,3,
DORM,0.75,3,
DOV,0.75,3,
DOX,0.75,3,
DPC,0.75,3,
DRD,0.75,3,
DSGX,0.75,3,
DSP,0.75,3,
DSY,0.75,3,
DT,0.75,3,
DTM,0.75,3,
DUOL,0.75,3,
DUOT,0.75,3,
DV,0.75,3,
DVLT,0.75,3,
DVN,0.75,3,
DWSN,0.75,3,
DXCM,0.75,3,
DY,0.75,3,
EBAY,0.75,3,
EBF,0.75,3,
ECG,0.75,3,
ECL,0.75,3,
ECOR,0.75,3,
EDTK,0.75,3,
EEIQ,0.75,3,
EFOI,0.75,3,
EFTY,0.75,3,
EFX,0.75,3,
EFXT,0.75,3,
EGG,0.75,3,
EGO,0.75,3,
EGP,0.75,3,
EHC,0.75,3,
ELDN,0.75,3,
ELE,0.75,3,
ELF,0.75,3,
ELMD,0.75,3,
ELMT,0.75,3,
ELS,0.75,3,
ELVA,0.75,3,
ELVR,0.75,3,
ELWT,0.75,3,
EME,0.75,3,
EMR,0.75,3,
ENPH,0.75,3,
ENS,0.75,3,
ENSC,0.75,3,
ENSG,0.75,3,
ENTG,0.75,3,
EOG,0.75,3,
EONR,0.75,3,
EP,0.75,3,
EPAC,0.75,3,
EPAM,0.75,3,
EPSN,0.75,3,
EQIX,0.75,3,
EQT,0.75,3,
EQX,0.75,3,
ERIC,0.75,3,
ERII,0.75,3,
ERO,0.75,3,
ESCA,0.75,3,
ESE,0.75,3,
ESI,0.75,3,
ESLA,0.75,3,
ESOA,0.75,3,
ESTA,0.75,3,
ESTC,0.75,3,
ETD,0.75,3,
ETN,0.75,3,
ETON,0.75,3,
EVCM,0.75,3,
EVER,0.75,3,
EVI,0.75,3,
EVLV,0.75,3,
EW,0.75,3,
EXE,0.75,3,
EXEL,0.75,3,
EXK,0.75,3,
EXLS,0.75,3,
EXP,0.75,3,
EXPD,0.75,3,
EXPO,0.75,3,
EXTR,0.75,3,
EXYN,0.75,3,
FANG,0.75,3,
FAST,0.75,3,
FATN,0.75,3,
FBYD,0.75,3,
FCX,0.75,3,
FDS,0.75,3,
FDXF,0.75,3,
FEBO,0.75,3,
FEIM,0.75,3,
FELE,0.75,3,
FENC,0.75,3,
FER,0.75,3,
FF,0.75,3,
FFIV,0.75,3,
FICO,0.75,3,
FIEE,0.75,3,
FIGS,0.75,3,
FIVE,0.75,3,
FIX,0.75,3,
FIZZ,0.75,3,
FLEX,0.75,3,
FLNC,0.75,3,
FLS,0.75,3,
FLXS,0.75,3,
FLYW,0.75,3,
FLZH,0.75,3,
FMST,0.75,3,
FN,0.75,3,
FNGR,0.75,3,
FNV,0.75,3,
FOCL,0.75,3,
FORM,0.75,3,
FPS,0.75,3,
FROG,0.75,3,
FRPT,0.75,3,
FRSH,0.75,3,
FSI,0.75,3,
FSLR,0.75,3,
FSLY,0.75,3,
FSM,0.75,3,
FSS,0.75,3,
FSTR,0.75,3,
FSV,0.75,3,
FTAI,0.75,3,
FTCI,0.75,3,
FTDR,0.75,3,
FTI,0.75,3,
FTK,0.75,3,
FTNT,0.75,3,
FTV,0.75,3,
FUSE,0.75,3,
FXHO,0.75,3,
GAU,0.75,3,
GCTS,0.75,3,
GEF,0.75,3,
GEF.B,0.75,3,
GEOS,0.75,3,
GEV,0.75,3,
GFI,0.75,3,
GFR,0.75,3,
GFS,0.75,3,
GGG,0.75,3,
GH,0.75,3,
GHM,0.75,3,
GIB,0.75,3,
GIC,0.75,3,
GIFT,0.75,3,
GIII,0.75,3,
GILD,0.75,3,
GKOS,0.75,3,
GLOO,0.75,3,
GLW,0.75,3,
GMED,0.75,3,
GNRC,0.75,3,
GNSS,0.75,3,
GNTX,0.75,3,
GOAI,0.75,3,
GOLF,0.75,3,
GORO,0.75,3,
GPGI,0.75,3,
GRBK,0.75,3,
GRC,0.75,3,
GRDN,0.75,3,
GRML,0.75,3,
GRMN,0.75,3,
GROY,0.75,3,
GSAT,0.75,3,
GSIT,0.75,3,
GSK,0.75,3,
GTX,0.75,3,
GVA,0.75,3,
GWW,0.75,3,
GYRE,0.75,3,
HAFN,0.75,3,
HAL,0.75,3,
HALO,0.75,3,
HAYW,0.75,3,
HBM,0.75,3,
HBNB,0.75,3,
HCAI,0.75,3,
HCC,0.75,3,
HCKT,0.75,3,
HCSG,0.75,3,
HD,0.75,3,
HDSN,0.75,3,
HIMS,0.75,3,
HIT,0.75,3,
HL,0.75,3,
HLIO,0.75,3,
HLIT,0.75,3,
HLN,0.75,3,
HLP,0.75,3,
HMH,0.75,3,
HMY,0.75,3,
HNGE,0.75,3,
HNRG,0.75,3,
HNST,0.75,3,
HOFT,0.75,3,
HONA,0.75,3,
HOUR,0.75,3,
HPAI,0.75,3,
HQ,0.75,3,
HQI,0.75,3,
HQY,0.75,3,
HROW,0.75,3,
HSTM,0.75,3,
HSY,0.75,3,
HTFL,0.75,3,
HTLD,0.75,3,
HTLM,0.75,3,
HUBB,0.75,3,
HUBG,0.75,3,
HUBS,0.75,3,
HUHU,0.75,3,
HWH,0.75,3,
HWKN,0.75,3,
HXHX,0.75,3,
HXL,0.75,3,
HYFT,0.75,3,
IAG,0.75,3,
IBEX,0.75,3,
IBM,0.75,3,
IBP,0.75,3,
IBTA,0.75,3,
ICCC,0.75,3,
ICHR,0.75,3,
ICLR,0.75,3,
IDCC,0.75,3,
IDN,0.75,3,
IDR,0.75,3,
IDXX,0.75,3,
IE,0.75,3,
IESC,0.75,3,
IEX,0.75,3,
IIIN,0.75,3,
ILAG,0.75,3,
ILMN,0.75,3,
IMDX,0.75,3,
IMO,0.75,3,
IMOS,0.75,3,
IMTE,0.75,3,
INCY,0.75,3,
INDP,0.75,3,
INDV,0.75,3,
INFU,0.75,3,
INFY,0.75,3,
INGR,0.75,3,
INIO,0.75,3,
INLX,0.75,3,
INNV,0.75,3,
INOD,0.75,3,
INSP,0.75,3,
INSW,0.75,3,
INTA,0.75,3,
INTC,0.75,3,
INTT,0.75,3,
INTU,0.75,3,
INTZ,0.75,3,
INVX,0.75,3,
IOSP,0.75,3,
IOT,0.75,3,
IOTR,0.75,3,
IOVA,0.75,3,
IPAR,0.75,3,
IPDN,0.75,3,
IPGP,0.75,3,
IQST,0.75,3,
IR,0.75,3,
IRIX,0.75,3,
IRMD,0.75,3,
IRTC,0.75,3,
ISRG,0.75,3,
ITRG,0.75,3,
ITT,0.75,3,
ITW,0.75,3,
J,0.75,3,
JAN,0.75,3,
JAZZ,0.75,3,
JBHT,0.75,3,
JBL,0.75,3,
JBSS,0.75,3,
JBTM,0.75,3,
JCI,0.75,3,
JCTC,0.75,3,
JDZG,0.75,3,
JF,0.75,3,
JFB,0.75,3,
JHX,0.75,3,
JJSF,0.75,3,
JKHY,0.75,3,
JL,0.75,3,
JLHL,0.75,3,
JMIA,0.75,3,
JNJ,0.75,3,
JRSH,0.75,3,
JUNS,0.75,3,
JVA,0.75,3,
JYNT,0.75,3,
JZ,0.75,3,
KAI,0.75,3,
KARO,0.75,3,
KAZR,0.75,3,
KE,0.75,3,
KEEL,0.75,3,
KELYA,0.75,3,
KELYB,0.75,3,
KEX,0.75,3,
KEYS,0.75,3,
KFRC,0.75,3,
KGC,0.75,3,
KGEI,0.75,3,
KIDS,0.75,3,
KLAC,0.75,3,
KLIC,0.75,3,
KLTR,0.75,3,
KMB,0.75,3,
KMT,0.75,3,
KN,0.75,3,
KNSA,0.75,3,
KNX,0.75,3,
KO,0.75,3,
KOPN,0.75,3,
KRMD,0.75,3,
KRT,0.75,3,
KSCP,0.75,3,
KTB,0.75,3,
KULR,0.75,3,
KVUE,0.75,3,
KVYO,0.75,3,
KXIN,0.75,3,
LASE,0.75,3,
LASR,0.75,3,
LAUR,0.75,3,
LAWR,0.75,3,
LB,0.75,3,
LCFY,0.75,3,
LE,0.75,3,
LECO,0.75,3,
LEGH,0.75,3,
LEGN,0.75,3,
LEVI,0.75,3,
LFMD,0.75,3,
LFS,0.75,3,
LFST,0.75,3,
LFUS,0.75,3,
LFVN,0.75,3,
LGCY,0.75,3,
LGN,0.75,3,
LGND,0.75,3,
LH,0.75,3,
LIF,0.75,3,
LII,0.75,3,
LIN,0.75,3,
LINC,0.75,3,
LINK,0.75,3,
LITE,0.75,3,
LIVN,0.75,3,
LLY,0.75,3,
LMAT,0.75,3,
LMB,0.75,3,
LNAI,0.75,3,
LNN,0.75,3,
LNSR,0.75,3,
LNTH,0.75,3,
LOGI,0.75,3,
LOPE,0.75,3,
LPTH,0.75,3,
LPX,0.75,3,
LQDA,0.75,3,
LQDT,0.75,3,
LRCX,0.75,3,
LRN,0.75,3,
LSCC,0.75,3,
LSPD,0.75,3,
LSTR,0.75,3,
LTRX,0.75,3,
LUD,0.75,3,
LULU,0.75,3,
LUV,0.75,3,
LWAY,0.75,3,
LXFR,0.75,3,
LZ,0.75,3,
MA,0.75,3,
MAGH,0.75,3,
MAIR,0.75,3,
MAKO,0.75,3,
MAMA,0.75,3,
MAMK,0.75,3,
MAMO,0.75,3,
MANH,0.75,3,
MARPS,0.75,3,
MAS,0.75,3,
MATX,0.75,3,
MAZE,0.75,3,
MCFT,0.75,3,
MCHP,0.75,3,
MCK,0.75,3,
MDAI,0.75,3,
MDB,0.75,3,
MDGL,0.75,3,
MDLZ,0.75,3,
MDT,0.75,3,
MDXG,0.75,3,
MEC,0.75,3,
MEDP,0.75,3,
MELI,0.75,3,
MFI,0.75,3,
MGNI,0.75,3,
MGRC,0.75,3,
MGRT,0.75,3,
MGRX,0.75,3,
MGTX,0.75,3,
MGY,0.75,3,
MHO,0.75,3,
MI,0.75,3,
MIDD,0.75,3,
MIMI,0.75,3,
MIR,0.75,3,
MIRM,0.75,3,
MITK,0.75,3,
MKSI,0.75,3,
MLAB,0.75,3,
MLI,0.75,3,
MLM,0.75,3,
MLR,0.75,3,
MLSS,0.75,3,
MMA,0.75,3,
MMED,0.75,3,
MMM,0.75,3,
MMSI,0.75,3,
MNST,0.75,3,
MOBX,0.75,3,
MOD,0.75,3,
MODD,0.75,3,
MPTI,0.75,3,
MPWR,0.75,3,
MRAM,0.75,3,
MRK,0.75,3,
MRTN,0.75,3,
MRVL,0.75,3,
MSA,0.75,3,
MSCI,0.75,3,
MSGM,0.75,3,
MSGY,0.75,3,
MSI,0.75,3,
MSM,0.75,3,
MSTR,0.75,3,
MTA,0.75,3,
MTC,0.75,3,
MTD,0.75,3,
MTEN,0.75,3,
MTNB,0.75,3,
MTRN,0.75,3,
MTSI,0.75,3,
MTUS,0.75,3,
MTZ,0.75,3,
MU,0.75,3,
MUSA,0.75,3,
MUX,0.75,3,
MWA,0.75,3,
MWH,0.75,3,
MXC,0.75,3,
MXL,0.75,3,
MYE,0.75,3,
MYRG,0.75,3,
MZTI,0.75,3,
NAGE,0.75,3,
NAMI,0.75,3,
NAMM,0.75,3,
NATR,0.75,3,
NAVN,0.75,3,
NBIX,0.75,3,
NBTX,0.75,3,
NCEW,0.75,3,
NCNO,0.75,3,
NCSM,0.75,3,
NDSN,0.75,3,
NEGG,0.75,3,
NEM,0.75,3,
NEO,0.75,3,
NEOV,0.75,3,
NEPH,0.75,3,
NESR,0.75,3,
NEU,0.75,3,
NHC,0.75,3,
NICM,0.75,3,
NIXX,0.75,3,
NKE,0.75,3,
NKLR,0.75,3,
NLOP,0.75,3,
NMTC,0.75,3,
NN,0.75,3,
NNNN,0.75,3,
NOK,0.75,3,
NOVT,0.75,3,
NOW,0.75,3,
NPCE,0.75,3,
NPKI,0.75,3,
NPO,0.75,3,
NRC,0.75,3,
NRGV,0.75,3,
NRP,0.75,3,
NRT,0.75,3,
NRXP,0.75,3,
NRXS,0.75,3,
NSC,0.75,3,
NSSC,0.75,3,
NTAP,0.75,3,
NTCT,0.75,3,
NTIC,0.75,3,
NTNX,0.75,3,
NTRA,0.75,3,
NTRP,0.75,3,
NTSK,0.75,3,
NUE,0.75,3,
NUTX,0.75,3,
NVDA,0.75,4,earnings soon
NVO,0.75,3,
NVR,0.75,3,
NVS,0.75,3,
NVT,0.75,3,
NVTS,0.75,3,
NWPX,0.75,3,
NXL,0.75,3,
NXPI,0.75,3,
NXT,0.75,3,
OCC,0.75,3,
OCTV,0.75,3,
ODC,0.75,3,
ODFL,0.75,3,
OESX,0.75,3,
OFLX,0.75,3,
OFRM,0.75,3,
OGC,0.75,3,
OIO,0.75,3,
OIS,0.75,3,
OKTA,0.75,3,
OLB,0.75,3,
OLLI,0.75,3,
OMAB,0.75,3,
OMCL,0.75,3,
OMDA,0.75,3,
OMH,0.75,3,
ON,0.75,3,
ONC,0.75,3,
ONEG,0.75,3,
ONMD,0.75,3,
ONON,0.75,3,
OOMA,0.75,3,
OPRX,0.75,3,
OPTT,0.75,3,
OPTX,0.75,3,
OPXS,0.75,3,
OR,0.75,3,
ORBS,0.75,3,
ORCL,0.75,3,
ORGO,0.75,3,
ORIC,0.75,3,
ORLY,0.75,3,
ORN,0.75,3,
OSPN,0.75,3,
OSS,0.75,3,
OSW,0.75,3,
OVID,0.75,3,
OWLS,0.75,3,
OWLT,0.75,3,
P,0.75,3,
PAAS,0.75,3,
PANW,0.75,3,
PATH,0.75,3,
PAY,0.75,3,
PAYC,0.75,3,
PAYO,0.75,3,
PAYX,0.75,3,
PBT,0.75,3,
PBYI,0.75,3,
PCLA,0.75,3,
PCOR,0.75,3,
PDC,0.75,3,
PDEX,0.75,3,
PDFS,0.75,3,
PEGA,0.75,3,
PEN,0.75,3,
PENG,0.75,3,
PEP,0.75,3,
PESI,0.75,3,
PFAI,0.75,3,
PG,0.75,3,
PGNY,0.75,3,
PH,0.75,3,
PHAR,0.75,3,
PHM,0.75,3,
PHOE,0.75,3,
PI,0.75,3,
PKE,0.75,3,
PKG,0.75,3,
PL,0.75,3,
PLAB,0.75,3,
PLAG,0.75,3,
PLD,0.75,3,
PLOW,0.75,3,
PLPC,0.75,3,
PLTS,0.75,3,
PLUG,0.75,3,
PLUS,0.75,3,
PLX,0.75,3,
PLXS,0.75,3,
PLYX,0.75,3,
PMA,0.75,3,
PMI,0.75,3,
PNR,0.75,3,
PNRG,0.75,3,
POCI,0.75,3,
PODD,0.75,3,
POOL,0.75,3,
POWI,0.75,3,
POWL,0.75,3,
POWW,0.75,3,
PPG,0.75,3,
PPIH,0.75,3,
PPSI,0.75,3,
PR,0.75,3,
PRCT,0.75,3,
PRIM,0.75,3,
PRLB,0.75,3,
PRM,0.75,3,
PRPO,0.75,3,
PRSO,0.75,3,
PSIX,0.75,3,
PSN,0.75,3,
PSO,0.75,3,
PTC,0.75,3,
PTLE,0.75,3,
PUBM,0.75,3,
PVL,0.75,3,
PWR,0.75,3,
PXED,0.75,3,
Q,0.75,3,
QCOM,0.75,3,
QGEN,0.75,3,
QH,0.75,3,
QLYS,0.75,3,
QMCO,0.75,3,
QRVO,0.75,3,
QTI,0.75,3,
QTWO,0.75,3,
QUIK,0.75,3,
RACE,0.75,3,
RAL,0.75,3,
RAMP,0.75,3,
RBA,0.75,3,
RBC,0.75,3,
RBLX,0.75,3,
RBRK,0.75,3,
RCMT,0.75,3,
RCUS,0.75,3,
RDVT,0.75,3,
RDY,0.75,3,
REFR,0.75,3,
REGN,0.75,3,
REKR,0.75,3,
RELL,0.75,3,
RELX,0.75,3,
RELY,0.75,3,
RES,0.75,3,
REX,0.75,3,
REYN,0.75,3,
RFIL,0.75,3,
RGC,0.75,3,
RGEN,0.75,3,
RGLD,0.75,3,
RHI,0.75,3,
RIGL,0.75,3,
RIO,0.75,3,
RIOT,0.75,3,
RL,0.75,3,
RLGT,0.75,3,
RMBS,0.75,3,
RMCO,0.75,3,
RMD,0.75,3,
RMIX,0.75,3,
RNGR,0.75,3,
ROAD,0.75,3,
ROC,0.75,3,
ROG,0.75,3,
ROK,0.75,3,
ROL,0.75,3,
ROST,0.75,3,
RPGL,0.75,3,
RPID,0.75,3,
RPM,0.75,3,
RRC,0.75,3,
RS,0.75,3,
RSG,0.75,3,
RSSS,0.75,3,
RUSHA,0.75,3,
RUSHB,0.75,3,
RVLV,0.75,3,
RVTY,0.75,3,
RXO,0.75,3,
RYAAY,0.75,3,
RYDE,0.75,3,
RYET,0.75,3,
RYN,0.75,3,
RYOJ,0.75,3,
RZLV,0.75,3,
S,0.75,3,
SAIA,0.75,3,
SAIH,0.75,3,
SAIL,0.75,3,
SANM,0.75,3,
SAP,0.75,3,
SARO,0.75,3,
SBR,0.75,3,
SBSW,0.75,3,
SBUX,0.75,3,
SCAG,0.75,3,
SCCO,0.75,3,
SCOR,0.75,3,
SCSC,0.75,3,
SCZM,0.75,3,
SD,0.75,3,
SDEV,0.75,3,
SDOT,0.75,3,
SE,0.75,3,
SELF,0.75,3,
SENEA,0.75,3,
SENEB,0.75,3,
SEZL,0.75,3,
SGHT,0.75,3,
SHLS,0.75,3,
SHOO,0.75,3,
SHOP,0.75,3,
SHW,0.75,3,
SI,0.75,3,
SIBN,0.75,3,
SIF,0.75,3,
SIMO,0.75,3,
SITE,0.75,3,
SKY,0.75,3,
SKYA,0.75,3,
SKYX,0.75,3,
SLAB,0.75,3,
SLB,0.75,3,
SLGB,0.75,3,
SLNG,0.75,3,
SLP,0.75,3,
SMID,0.75,3,
SMJF,0.75,3,
SMSI,0.75,3,
SMTC,0.75,3,
SMTI,0.75,3,
SN,0.75,3,
SND,0.75,3,
SNDK,0.75,3,
SNDR,0.75,3,
SNN,0.75,3,
SNOW,0.75,3,
SNPS,0.75,3,
SNWV,0.75,3,
SNX,0.75,3,
SNY,0.75,3,
SOBR,0.75,3,
SOLS,0.75,3,
SONO,0.75,3,
SOPH,0.75,3,
SORA,0.75,3,
SOTK,0.75,3,
SOWG,0.75,3,
SPGI,0.75,3,
SPHL,0.75,3,
SPIR,0.75,3,
SPOK,0.75,3,
SPPL,0.75,3,
SPSC,0.75,3,
SPT,0.75,3,
SPXC,0.75,3,
SRTA,0.75,3,
SSD,0.75,3,
SSII,0.75,3,
SSTI,0.75,3,
SSYS,0.75,3,
STAA,0.75,3,
STE,0.75,3,
STEX,0.75,3,
STLD,0.75,3,
STM,0.75,3,
STN,0.75,3,
STRA,0.75,3,
STRL,0.75,3,
STVN,0.75,3,
STX,0.75,3,
STXS,0.75,3,
SU,0.75,3,
SUI,0.75,3,
SUPN,0.75,3,
SVCO,0.75,3,
SVM,0.75,3,
SWKS,0.75,3,
SWMR,0.75,3,
SXI,0.75,3,
SXT,0.75,3,
SXTP,0.75,3,
SYK,0.75,3,
SYNA,0.75,3,
TARS,0.75,3,
TAYD,0.75,3,
TBBB,0.75,3,
TC,0.75,3,
TCMD,0.75,3,
TCRT,0.75,3,
TDC,0.75,3,
TDUP,0.75,3,
TDW,0.75,3,
TE,0.75,3,
TEAM,0.75,3,
TECH,0.75,3,
TECK,0.75,3,
TEL,0.75,3,
TEM,0.75,3,
TENB,0.75,3,
TER,0.75,3,
TFII,0.75,3,
TFPM,0.75,3,
TG,0.75,3,
TGB,0.75,3,
TGEN,0.75,3,
TGLS,0.75,3,
TGTX,0.75,3,
TH,0.75,3,
THO,0.75,3,
TII,0.75,3,
TILE,0.75,3,
TJX,0.75,3,
TKNO,0.75,3,
TKR,0.75,3,
TLS,0.75,3,
TLSI,0.75,3,
TLX,0.75,3,
TMCI,0.75,3,
TMO,0.75,3,
TMQ,0.75,3,
TNC,0.75,3,
TOL,0.75,3,
TOPP,0.75,3,
TOST,0.75,3,
TPCS,0.75,3,
TPL,0.75,3,
TPR,0.75,3,
TR,0.75,3,
TREX,0.75,3,
TRMB,0.75,3,
TRNO,0.75,3,
TRNS,0.75,3,
TRSG,0.75,3,
TRX,0.75,3,
TS,0.75,3,
TSLA,0.75,5,
TSM,0.75,3,
TSSI,0.75,3,
TT,0.75,3,
TTAM,0.75,3,
TTAN,0.75,3,
TTC,0.75,3,
TTD,0.75,3,
TTEK,0.75,3,
TTI,0.75,3,
TTMI,0.75,3,
TVTX,0.75,3,
TWAV,0.75,3,
TWIN,0.75,3,
TWLO,0.75,3,
TWST,0.75,3,
TXG,0.75,3,
TXN,0.75,3,
TYGO,0.75,3,
TYL,0.75,3,
TYRA,0.75,3,
TZOO,0.75,3,
U,0.75,3,
UAMY,0.75,3,
UBER,0.75,3,
UCTT,0.75,3,
UFPI,0.75,3,
UFPT,0.75,3,
UG,0.75,3,
UI,0.75,3,
UL,0.75,3,
ULS,0.75,3,
ULTA,0.75,3,
UMC,0.75,3,
UNF,0.75,3,
UNP,0.75,3,
URBN,0.75,3,
URI,0.75,3,
USAS,0.75,3,
USIO,0.75,3,
USLM,0.75,3,
UTI,0.75,3,
UUU,0.75,3,
UUUU,0.75,3,
V,0.75,3,
VAL,0.75,3,
VALE,0.75,3,
VANI,0.75,3,
VC,0.75,3,
VCEL,0.75,3,
VCYT,0.75,3,
VECO,0.75,3,
VELO,0.75,3,
VERX,0.75,3,
VHUB,0.75,3,
VIA,0.75,3,
VIAV,0.75,3,
VICR,0.75,3,
VISN,0.75,3,
VITL,0.75,3,
VIV,0.75,3,
VLO,0.75,3,
VLTO,0.75,3,
VMC,0.75,3,
VMD,0.75,3,
VMI,0.75,3,
VNOM,0.75,3,
VOXR,0.75,3,
VPG,0.75,3,
VRCA,0.75,3,
VRSN,0.75,3,
VRT,0.75,3,
VRTX,0.75,3,
VS,0.75,3,
VSEC,0.75,3,
VSH,0.75,3,
VTEX,0.75,3,
VTIX,0.75,3,
VTR,0.75,3,
VTS,0.75,3,
W,0.75,3,
WAB,0.75,3,
WAT,0.75,3,
WATT,0.75,3,
WCN,0.75,3,
WCT,0.75,3,
WDAY,0.75,3,
WDC,0.75,3,
WDFC,0.75,3,
WEAV,0.75,3,
WELL,0.75,3,
WETO,0.75,3,
WEYS,0.75,3,
WFCF,0.75,3,
WFG,0.75,3,
WFRD,0.75,3,
WGS,0.75,3,
WHD,0.75,3,
WHK,0.75,3,
WINA,0.75,3,
WIT,0.75,3,
WLDN,0.75,3,
WM,0.75,3,
WMS,0.75,3,
WOR,0.75,3,
WPM,0.75,3,
WRAP,0.75,3,
WRBY,0.75,3,
WS,0.75,3,
WSM,0.75,3,
WSO,0.75,3,
WSO.B,0.75,3,
WST,0.75,3,
WTS,0.75,3,
WTTR,0.75,3,
WYFI,0.75,3,
WYY,0.75,3,
XCH,0.75,3,
XERS,0.75,3,
XGN,0.75,3,
XHLD,0.75,3,
XMAX,0.75,3,
XMTR,0.75,3,
XNDU,0.75,3,
XOM,0.75,3,
XPEL,0.75,3,
XPER,0.75,3,
XPO,0.75,3,
XPON,0.75,3,
XPRO,0.75,3,
XTIA,0.75,3,
XYL,0.75,3,
YAAS,0.75,3,
YCBD,0.75,3,
YDDL,0.75,3,
YDKG,0.75,3,
YELP,0.75,3,
YETI,0.75,3,
YMT,0.75,3,
YOU,0.75,3,
YOUL,0.75,3,
YSXT,0.75,3,
ZBRA,0.75,3,
ZDAI,0.75,3,
ZENA,0.75,3,
ZEO,0.75,3,
ZETA,0.75,3,
ZJK,0.75,3,
ZKIN,0.75,3,
ZM,0.75,3,
ZONE,0.75,3,
ZS,0.75,3,
ZSQR,0.75,3,
ZTO,0.75,3,
ZVIA,0.75,3,
ZVRA,0.75,3,
ZWS,0.75,3,
ZYBT,0.75,3,
MSFT,0.75,3,
